{
  "name": "Consul KV",
  "form": "16db4421-d390-409f-89e1-f966f5af1a91",
  "blocks": [
    {
      "id": "b1c6c291-1f4e-4c02-be2a-7e57c5bbe245",
      "endpoint": "Consul",
      "label": "Consul - Get KV",
      "environment": "ONPREMISE",
      "presentation": "{\"w\":60,\"x\":170,\"h\":60,\"y\":0}",
      "step": "a904075e-adce-40c8-8aff-5c6a8e510379",
      "stepType": "SCRIPT_STEP",
      "inputMappings": [
        {
          "inputPort": "input",
          "mapping": "hello",
          "stepInput": "570f6c25-dd43-4827-980e-5f2ab8bcc577"
        }
      ]
    },
    {
      "id": "7cdc8242-1ea1-4b01-8841-9f0e3098ede5",
      "endpoint": "Consul",
      "label": "Consul - Put KV",
      "environment": "ONPREMISE",
      "presentation": "{\"w\":60,\"x\":170,\"h\":60,\"y\":170}",
      "step": "1d664c5f-5a43-4295-8dd6-94b622ea420b",
      "stepType": "SCRIPT_STEP",
      "inputMappings": [
        {
          "inputPort": "input",
          "mapping": "hello",
          "stepInput": "ec67665b-0439-45e5-b699-4f8eaf8e58b9"
        },
        {
          "inputPort": "input",
          "mapping": "world",
          "stepInput": "5d2df725-0a18-4b21-9705-3d6e6e63326b"
        }
      ]
    },
    {
      "id": "09a55786-ed4b-43a2-910b-81ffd5f1dc61",
      "label": "Consul KV - Do Nothing Trigger",
      "environment": "HOSTED",
      "presentation": "{\"w\":60,\"x\":0,\"h\":60,\"y\":0}",
      "step": "ed6deaaa-fd88-475f-9674-8829efdf04ca",
      "stepType": "INTEGRATION"
    },
    {
      "id": "0223a668-5b47-4b6e-9ae2-6924b9dc052c",
      "label": "Consul KV - Do Nothing Trigger 2",
      "environment": "HOSTED",
      "presentation": "{\"w\":60,\"x\":0,\"h\":60,\"y\":170}",
      "step": "42cab364-6e6e-440b-9c25-13ebc027e7e0",
      "stepType": "INTEGRATION"
    }
  ],
  "edges": [
    {
      "fromBlock": "0223a668-5b47-4b6e-9ae2-6924b9dc052c",
      "fromPort": "output",
      "toBlock": "7cdc8242-1ea1-4b01-8841-9f0e3098ede5",
      "toPort": "input"
    },
    {
      "fromBlock": "09a55786-ed4b-43a2-910b-81ffd5f1dc61",
      "fromPort": "output",
      "toBlock": "b1c6c291-1f4e-4c02-be2a-7e57c5bbe245",
      "toPort": "input"
    }
  ]
}