{
  "integrations": [
    {
      "id": "ed6deaaa-fd88-475f-9674-8829efdf04ca",
      "name": "Consul KV - Do Nothing Trigger",
      "action": "RUN_SCRIPT",
      "type": "INBOUND_WEBHOOK",
      "deployed": true,
      "form": "16db4421-d390-409f-89e1-f966f5af1a91",
      "environment": "HOSTED",
      "authType": "URL",
      "createdBy": "FLOW",
      "integrationScriptStepUuid": "5e613c64-5af9-4485-8abd-94c0231c9f04"
    },
    {
      "id": "42cab364-6e6e-440b-9c25-13ebc027e7e0",
      "name": "Consul KV - Do Nothing Trigger 2",
      "action": "RUN_SCRIPT",
      "type": "INBOUND_WEBHOOK",
      "deployed": true,
      "form": "16db4421-d390-409f-89e1-f966f5af1a91",
      "environment": "HOSTED",
      "authType": "URL",
      "createdBy": "FLOW",
      "integrationScriptStepUuid": "5e613c64-5af9-4485-8abd-94c0231c9f04"
    }
  ],
  "endpoints": [
    {
      "name": "Consul",
      "baseUrl": "http://127.0.0.1:8500",
      "type": "EXTERNAL",
      "authentication": "NO_AUTH"
    }
  ],
  "constants": []
}